class,count,proportion
neg,59000,0.9833333333333333
pos,1000,0.016666666666666666
