feature,missing_ratio
br_000,0.8210666666666666
bq_000,0.8120333333333334
bp_000,0.7956666666666666
bo_000,0.7722166666666667
ab_000,0.77215
cr_000,0.77215
bn_000,0.7334833333333334
bm_000,0.65915
bl_000,0.45461666666666667
bk_000,0.3839
ad_000,0.24768333333333334
cg_000,0.24768333333333334
ch_000,0.24768333333333334
cf_000,0.24768333333333334
co_000,0.24768333333333334
