decision_rule,threshold,accuracy,f1_macro,precision_pos,recall_pos,f1_pos,cost
Official test - threshold 0.50,0.5,0.9698125,0.7845158763532691,0.43147208121827413,0.9066666666666666,0.58469475494411,21980
Official test - best threshold,0.4,0.96375,0.7629322258998383,0.38598442714126807,0.9253333333333333,0.5447409733124019,19520
